{
    "version": 1,
    "license": "CC-BY-SA-3.0",
    "copyright": "2025 YourName",
    "size": { "x": 32, "y": 32 },
    "states": [
        { "name": "malfai_bg",                "directions": 1 },
        { "name": "malfai_bg_detonatercd",    "directions": 1 },
        { "name": "malfai_bg_gyroscope",      "directions": 1 },
        { "name": "malfai_bg_lockdowngrid",   "directions": 1 },
        { "name": "malfai_bg_overloadmachine","directions": 1 },
        { "name": "malfai_bg_shunttoapc",     "directions": 1 },
        { "name": "malfai_bg_voicemodulator", "directions": 1 },
        { "name": "malfai_detonatercd",       "directions": 1 },
        { "name": "malfai_gyroscope",         "directions": 1 },
        { "name": "malfai_lockdowngrid",      "directions": 1 },
        { "name": "malfai_overloadmachine",   "directions": 1 },
        { "name": "malfai_shunttoapc",        "directions": 1 },
        { "name": "malfai_voicemodulator",    "directions": 1 },
        { "name": "malfai_bg_cameramics",     "directions": 1 },
        { "name": "malfai_cameramics",        "directions": 1 }
    ]
}
